Threat Prevention Programs,,,,,,,,,,,,,
virustotal.com,,,,,,,,,,,,,
ibm x-force exchange,,,,,,,,,,,,,
urlquery.net,,,,,,,,,,,,,
noptr.spamrats.com,,,,,,,,,,,,,
alienvault reputation,,,,,,,,,,,,,
reputationauthority.org,,,,,,,,,,,,,
bl.spamcannibal.org,,,,,,,,,,,,,
b.barracudacentral.org,,,,,,,,,,,,,
ciarmy.com,,,,,,,,,,,,,cleanmx-phishing
labs.snort.org,,,,,,,,,,,,,
cleanmx-malware,,,,,,,,,,,,,
c-sirt.org,,,,,,,,,,,,,
ipbl.mailhosts.org,,,,,,,,,,,,,
ptr,,,,,,,,,,,,,
blocklist.de,,,,,,,,,,,,,
all.s5h.net,,,,,,,,,,,,,
botscout.com,,,,,,,,,,,,,
quttera.com,,,,,,,,,,,,,
dnsbl.ahbl.org,,,,,,,,,,,,,
pbl.spamhaus.org,,,,,,,,,,,,,
bl.emailbasura.org,,,,,,,,,,,,,
spam.spamrats.com,,,,,,,,,,,,,
sbl.spamhaus.org,,,,,,,,,,,,,
safeweb.norton.com,,,,,,,,,,,,,
malwr.com,,,,,,,,,,,,,
tor.ahbl.org,,,,,,,,,,,,,
ix.dnsbl.manitu.net,,,,,,,,,,,,,
ubl.unsubscore.com,,,,,,,,,,,,,
psbl.surriel.com,,,,,,,,,,,,,
dnsbl.httpbl.org,,,,,,,,,,,,,
dnsbl.sorbs.net,,,,,,,,,,,,,
spam.dnsbl.sorbs.net,,,,,,,,,,,,,
zen.spamhaus.org,,,,,,,,,,,,,
web.dnsbl.sorbs.net,,,,,,,,,,,,,
spamrbl.imp.ch,,,,,,,,,,,,,
dyna.spamrats.com,,,,,,,,,,,,,
dnsbl-1.uceprotect.net,,,,,,,,,,,,,
bl.spamcop.net,,,,,,,,,,,,,
esentire.com,,,,,,,,,,,,,
xbl.spamhaus.org,,,,,,,,,,,,,
dnsbl-2.uceprotect.net,,,,,,,,,,,,,
openphish.com,,,,,,,,,,,,,
senderbase.org,,,,,,,,,,,,,
cbl.abuseat.org,,,,,,,,,,,,,
google safebrowsing,,,,,,,,,,,,,
hphosts-phishing,,,,,,,,,,,,,
phishtank,,,,,,,,,,,,,
v6.fullbogons.cymru.com,,,,,,,,,,,,,
db.wpbl.info,,,,,,,,,,,,,
cleanmx-phishing,,,,,,,,,,,,,
